Date,Deshawar,Faridabad,Gali,Ghaziabad
2024-04-01,,14,38,66
2024-06-02,68,33,66,39
2024-06-03,39,28,02,55
2024-06-04,69,01,50,46
2024-06-05,18,34,13,08
2024-06-06,32,72,47,83
2024-06-07,30,55,84,04
2024-06-08,25,67,05,11
2024-06-09,19,28,51,24
2024-06-10,34,85,03,30
2024-06-11,80,84,69,89
2024-06-12,71,42,76,32
2024-06-13,51,88,85,18
2024-06-14,82,07,15,43
2024-06-15,08,86,67,01
2024-06-16,37,46,45,69
2024-06-17,84,74,96,89
2024-06-18,82,77,48,69
2024-06-19,34,64,81,42
2024-06-20,84,00,56,91
2024-06-21,11,43,26,85
2024-06-22,08,11,73,05
2024-06-23,72,65,34,64
2024-06-24,27,85,44,95
2024-06-25,62,95,79,04
2024-06-26,03,88,72,05
2024-06-27,40,86,59,83
2024-06-28,85,08,24,25
2024-06-29,69,08,65,99
2024-07-01,,18,41,30
2024-07-02,90,98,74,46
2024-07-03,34,00,09,07
2024-07-04,59,47,93,29
2024-07-05,21,76,71,02
2024-07-06,90,72,26,36
2024-07-07,02,63,76,76
2024-07-08,80,31,27,50
2024-07-09,01,23,96,61
2024-07-10,93,61,97,84
2024-07-11,43,10,69,64
2024-07-12,64,83,53,92
2024-07-13,14,52,12,54
2024-07-14,68,39,54,90
2024-07-15,93,16,98,97
2024-07-16,52,50,58,74
2024-07-17,44,32,01,30
2024-07-18,32,40,91,22
2024-07-19,17,35,32,35
2024-07-20,01,82,16,81
2024-07-21,36,29,09,12
2024-07-22,30,84,26,27
2024-07-23,40,30,12,12
2024-07-24,19,19,97,52
2024-07-25,54,03,08,24
2024-07-26,88,66,47,54
2024-07-27,97,50,90,01
2024-07-28,51,28,93,89
2024-07-29,90,43,27,33
2024-07-30,53,39,52,98
2024-08-01,,38,32,74
2024-08-02,69,16,54,04
2024-08-03,43,79,45,97
2024-08-04,15,48,51,33
2024-08-05,46,20,56,71
2024-08-06,47,48,88,45
2024-08-07,89,19,56,59
2024-08-08,51,51,77,66
2024-08-09,54,68,13,33
2024-08-10,17,94,69,53
2024-08-11,80,47,59,76
2024-08-12,16,51,12,77
2024-08-13,59,85,66,90
2024-08-14,35,66,73,50
2024-08-15,06,10,26,52
2024-08-16,62,96,41,10
2024-08-17,90,53,46,07
2024-08-18,42,35,27,51
2024-08-19,64,42,01,70
2024-08-20,73,53,97,59
2024-08-21,68,85,85,30
2024-08-22,63,96,97,07
2024-08-23,76,91,18,92
2024-08-24,43,63,15,38
2024-08-25,42,49,77,68
2024-08-26,48,52,52,35
2024-08-27,41,37,73,71
2024-08-28,25,16,74,80
2024-08-29,53,22,12,18
2024-08-30,49,05,74,77
2024-09-01,,99,91,72
2024-09-02,02,37,69,82
2024-09-03,89,85,40,60
2024-09-04,06,23,28,58
2024-09-05,57,23,98,05
2024-09-06,33,82,65,75
2024-09-07,00,37,51,11
2024-09-08,35,79,05,21
2024-09-09,27,70,06,92
2024-09-10,63,05,85,35
2024-09-11,16,31,03,91
2024-09-12,86,30,00,06
2024-09-13,19,42,24,79
2024-09-14,44,42,63,41
2024-09-15,92,35,07,82
2024-09-16,33,15,13,15
2024-09-17,49,99,18,30
2024-09-18,00,18,14,73
2024-09-19,32,88,22,60
2024-09-20,89,75,96,94
2024-09-21,42,88,49,39
2024-09-22,19,79,28,47
2024-09-23,70,73,89,91
2024-09-24,68,12,00,44
2024-09-25,74,38,54,31
2024-09-26,42,77,66,79
2024-09-27,32,30,29,89
2024-09-28,44,93,49,80
2024-09-29,45,13,67,63
2024-09-30,97,,,
2024-10-01,,43,18,60
2024-10-02,24,18,66,41
2024-10-03,76,92,53,57
2024-10-04,89,88,74,72
2024-10-05,30,94,01,94
2024-10-06,75,26,13,26
2024-10-07,47,30,53,93
2024-10-08,65,70,41,91
2024-10-09,30,63,80,81
2024-10-10,80,93,12,85
2024-10-11,43,45,81,43
2024-10-12,06,14,81,21
2024-10-13,50,87,43,14
2024-10-14,81,61,88,01
2024-10-15,60,57,83,68
2024-10-16,36,29,23,09
2024-10-17,08,58,25,40
2024-10-18,52,92,73,52
2024-10-19,38,69,91,06
2024-10-20,79,46,79,61
2024-10-21,83,93,39,43
2024-10-22,52,39,05,68
2024-10-23,83,82,91,26
2024-10-24,63,25,00,09
2024-10-25,89,93,60,46
2024-10-26,00,56,39,60
2024-10-27,92,43,05,75
2024-10-28,65,58,77,51
2024-10-29,61,98,85,09
2024-10-30,48,44,33,91
2024-11-01,,12,26,28
2024-11-02,06,29,54,46
2024-11-03,99,69,24,05
2024-11-04,48,56,03,20
2024-11-05,78,90,45,94
2024-11-06,49,10,04,18
2024-11-07,59,44,46,25
2024-11-08,85,66,28,88
2024-11-09,25,87,21,85
2024-11-10,65,62,17,04
2024-11-11,12,80,03,68
2024-11-12,57,18,56,44
2024-11-13,41,10,18,70
2024-11-14,61,16,02,73
2024-11-15,41,82,81,45
2024-11-16,53,22,46,73
2024-11-17,87,97,65,25
2024-11-18,07,09,88,22
2024-11-19,25,13,04,90
2024-11-20,66,74,33,09
2024-11-21,92,22,14,87
2024-11-22,09,51,26,95
2024-11-23,75,94,03,57
2024-11-24,61,92,73,78
2024-11-25,35,79,83,83
2024-11-26,76,07,89,05
2024-11-27,28,47,43,28
2024-11-28,49,20,42,68
2024-11-29,88,51,56,61
2024-11-30,42,,,
2024-12-01,,84,26,79
2024-12-02,21,01,77,01
2024-12-03,15,61,09,03
2024-12-04,14,85,76,66
2024-12-05,58,37,18,77
2024-12-06,44,17,18,37
2024-12-07,17,24,40,87
2024-12-08,38,18,71,74
2024-12-09,37,60,82,24
2024-12-10,94,95,04,74
2024-12-11,29,62,71,10
2024-12-12,98,05,58,48
2024-12-13,46,84,87,38
2024-12-14,33,20,01,24
2024-12-15,83,95,62,18
2024-12-16,76,30,76,86
2024-12-17,47,04,45,04
2024-12-18,13,01,80,92
2024-12-19,74,09,15,23
2024-12-20,75,72,04,01
2024-12-21,57,64,16,44
2024-12-22,37,69,06,54
2024-12-23,19,63,31,23
2024-12-24,61,51,67,07
2024-12-25,09,30,06,38
2024-12-26,84,09,40,06
2024-12-27,70,74,67,19
2024-12-28,18,70,78,26
2024-12-29,59,94,78,82
2024-12-30,87,81,36,61
2025-01-01,,35,47,44
2025-01-02,00,70,54,33
2025-01-03,04,91,62,76
2025-01-04,54,84,30,77
2025-01-05,76,66,94,80
2025-01-06,00,27,23,24
2025-01-07,83,75,84,44
2025-01-08,99,43,71,03
2025-01-09,73,96,68,26
2025-01-10,18,99,84,30
2025-01-11,84,64,31,19
2025-01-12,63,45,66,19
2025-01-13,40,88,75,39
2025-01-14,80,42,39,04
2025-01-15,03,31,98,06
2025-01-16,69,48,59,69
2025-01-17,80,12,80,41
2025-01-18,96,43,77,17
2025-01-19,61,49,22,34
2025-01-20,43,02,76,29
2025-01-21,61,49,46,67
2025-01-22,21,46,14,72
2025-01-23,60,31,39,37
2025-01-24,48,38,13,02
2025-01-25,70,72,42,43
2025-01-26,83,60,22,60
2025-01-27,97,77,17,99
2025-01-28,74,68,49,45
2025-01-29,34,43,66,85
2025-01-30,91,04,42,87
2025-02-01,,76,52,39
2025-02-02,13,00,60,11
2025-02-03,90,76,96,75
2025-02-04,79,98,57,33
2025-02-05,50,46,19,29
2025-02-06,86,88,50,53
2025-02-07,68,19,45,63
2025-02-08,54,15,93,94
2025-02-09,03,77,11,35
2025-02-10,40,04,28,75
2025-02-11,37,05,03,17
2025-02-12,96,02,05,62
2025-02-13,21,83,93,87
2025-02-14,95,12,67,04
2025-02-15,74,24,23,12
2025-02-16,20,71,71,21
2025-02-17,04,82,67,24
2025-02-18,94,82,75,75
2025-02-19,46,95,31,89
2025-02-20,53,41,81,13
2025-02-21,59,49,55,83
2025-02-22,36,76,47,23
2025-02-23,96,01,73,92
2025-02-24,58,74,82,09
2025-02-25,91,13,24,95
2025-02-26,00,29,99,03
2025-02-27,94,70,12,59
2025-02-28,11,,,
2025-03-01,,47,69,23
2025-03-02,43,53,88,63
2025-03-03,50,22,62,02
2025-03-04,88,71,85,53
2025-03-05,43,25,11,61
2025-03-06,47,99,90,89
2025-03-07,58,29,82,97
2025-03-08,99,27,69,80
2025-03-09,17,15,60,41
2025-03-10,94,69,26,42
2025-03-11,79,78,72,19
2025-03-12,55,98,68,23
2025-03-13,71,35,11,54
2025-03-14,47,37,30,95
2025-03-15,31,06,55,72
2025-03-16,25,33,68,62
2025-03-17,00,64,42,96
2025-03-18,99,73,50,70
2025-03-19,25,77,23,50
2025-03-20,96,28,23,37
2025-03-21,99,61,80,92
2025-03-22,26,49,64,70
2025-03-23,90,69,09,10
2025-03-24,16,63,34,65
2025-03-25,34,98,42,65
2025-03-26,56,94,89,73
2025-03-27,39,71,70,16
2025-03-28,94,03,45,93
2025-03-29,89,22,35,55
2025-03-30,64,80,34,72
2025-04-01,,09,41,22
2025-04-02,09,03,12,09
2025-04-03,71,98,42,28
2025-04-04,87,82,05,81
2025-04-05,02,68,98,67
2025-04-06,24,68,98,56
2025-04-07,59,51,46,06
2025-04-08,70,55,03,36
2025-04-09,67,44,58,25
2025-04-10,70,56,35,22
2025-04-11,98,20,68,93
2025-04-12,06,74,47,83
2025-04-13,67,67,73,85
2025-04-14,57,03,25,25
2025-04-15,71,81,01,77
2025-04-16,53,60,72,30
2025-04-17,51,80,98,03
2025-04-18,78,15,30,43
2025-04-19,74,57,75,09
2025-04-20,08,33,10,94
2025-04-21,45,17,38,85
2025-04-22,26,03,53,37
2025-04-23,33,52,74,89
2025-04-24,98,01,23,29
2025-04-25,91,17,64,76
2025-04-26,54,90,91,61
2025-04-27,26,73,90,51
2025-04-28,58,65,94,05
2025-04-29,36,36,21,63
2025-04-30,76,,,
2025-05-01,,26,55,90
2025-05-02,45,06,69,06
2025-05-03,01,62,12,45
2025-05-04,61,40,64,88
2025-05-05,07,90,46,40
2025-05-06,18,57,58,27
2025-05-07,45,93,87,52
2025-05-08,34,71,94,65
2025-05-09,94,64,72,97
2025-05-10,79,64,31,57
2025-05-11,11,79,71,33
2025-05-12,41,84,22,79
2025-05-13,93,82,84,33
2025-05-14,88,56,41,27
2025-05-15,29,39,72,20
2025-05-16,33,97,51,09
2025-05-17,15,32,28,88
2025-05-18,59,75,33,34
2025-05-19,29,78,74,03
2025-05-20,21,66,80,82
2025-05-21,93,44,14,10
2025-05-22,20,86,92,36
2025-05-23,75,44,47,48
2025-05-24,16,08,47,61
2025-05-25,47,37,57,23
2025-05-26,22,39,65,51
2025-05-27,63,99,23,16
2025-05-28,70,58,87,99
2025-05-29,51,02,91,93
2025-05-30,46,58,39,91
2025-06-01,,83,27,15
2025-06-02,28,01,94,71
2025-06-03,79,07,17,60
2025-06-04,09,84,43,74
2025-06-05,53,18,92,74
2025-06-06,48,50,03,30
2025-06-07,19,85,46,50
2025-06-08,93,42,15,60
2025-06-09,24,59,32,96
2025-06-10,09,26,06,95
2025-06-11,14,68,91,26
2025-06-12,48,38,25,50
2025-06-13,46,02,56,40
2025-06-14,09,36,28,31
2025-06-15,02,50,50,28
2025-06-16,33,68,58,39
2025-06-17,26,72,31,31
2025-06-18,25,39,56,63
2025-06-19,30,17,59,26
2025-06-20,02,11,71,32
2025-06-21,30,58,87,08
2025-06-22,68,82,28,51
2025-06-23,40,66,92,42
2025-06-24,37,07,72,90
2025-06-25,88,79,24,62
2025-06-26,87,45,83,28
2025-06-27,42,87,62,47
2025-06-28,41,01,66,50
2025-06-29,05,47,63,43
2025-06-30,52,,,
2025-07-01,,27,57,54
2025-07-02,42,11,23,56
2025-07-03,73,32,21,27
2025-07-04,36,77,01,36
2025-07-05,88,74,14,56
2025-07-06,65,56,91,71
2025-07-07,15,69,30,38
2025-07-08,04,29,08,14
2025-07-09,85,33,04,24
2025-07-10,38,40,07,41
2025-07-11,51,45,27,88
2025-07-12,91,22,80,52
2025-07-13,08,33,41,68
2025-07-14,29,03,28,11
2025-07-15,24,99,15,94
2025-07-16,98,57,84,87
2025-07-17,55,56,78,99
2025-07-18,38,52,09,86
2025-07-19,67,54,90,71
2025-07-20,25,42,39,90
2025-07-21,84,77,95,96
2025-07-22,63,92,96,15
2025-07-23,25,77,96,20
2025-07-24,55,20,37,64
2025-07-25,18,21,13,23
2025-07-26,14,80,80,73
2025-07-27,21,24,11,20
2025-07-28,67,59,57,29
2025-07-29,96,10,81,86
2025-07-30,71,06,17,40
2025-08-01,,23,13,88
2025-08-02,68,80,71,98
2025-08-03,56,00,59,64
2025-08-04,92,22,22,61
2025-08-05,56,14,28,82
2025-08-06,85,66,45,89
2025-08-07,21,71,99,83
2025-08-08,89,14,87,79
2025-08-09,61,84,82,98
2025-08-10,31,26,57,43
2025-08-11,57,37,36,89
2025-08-12,87,12,32,81
2025-08-13,01,73,83,18
2025-08-14,27,62,46,37
2025-08-15,75,01,64,71
2025-08-16,80,63,48,29
2025-08-17,18,11,32,61
2025-08-18,03,00,44,28
2025-08-19,38,60,72,20
2025-08-20,70,28,11,77
2025-08-21,81,14,95,44
2025-08-22,84,01,34,70
2025-08-23,15,84,28,51
2025-08-24,43,49,29,96
2025-08-25,34,58,94,81
2025-08-26,06,09,07,59
2025-08-27,80,26,69,15
2025-08-28,78,44,55,11
2025-08-29,51,67,49,69
2025-08-30,32,64,84,90
2025-09-01,,70,68,46
2025-09-02,66,00,57,57
2025-09-03,70,88,72,94
2025-09-04,73,00,54,52
2025-09-05,72,52,41,67
2025-09-06,04,82,73,49
2025-09-07,96,83,21,14
2025-09-08,64,03,64,57
2025-09-09,03,96,40,49
2025-09-10,48,08,26,93
2025-09-11,36,13,95,34
2025-09-12,23,78,23,85
2025-09-13,93,41,81,01
2025-09-14,05,40,67,67
2025-09-15,87,12,87,00
2025-09-16,73,90,14,23
2025-09-17,63,41,30,14
2025-09-18,09,33,95,14
2025-09-19,71,94,64,66
2025-09-20,36,19,40,53
2025-09-21,24,08,54,97
2025-09-22,70,55,31,38
2025-09-23,42,64,95,38
2025-09-24,63,44,00,63
2025-09-25,62,10,82,13
2025-09-26,48,91,42,64
2025-09-27,96,60,19,93
2025-09-28,84,58,63,52
2025-09-29,48,57,95,10
2025-09-30,17,,,
2025-10-01,,54,56,59
2025-10-02,41,63,70,58
2025-10-03,96,31,39,42
2025-10-04,87,26,06,08
2025-10-05,62,43,79,39
2025-10-06,55,04,94,85
2025-10-07,25,84,72,52
2025-10-08,45,37,07,20
2025-10-09,85,32,08,86
2025-10-10,73,52,67,08
2025-10-11,22,64,05,56
2025-10-12,88,95,32,54
2025-10-13,75,92,26,96
2025-10-14,24,23,32,98
2025-10-15,92,88,66,90
2025-10-16,50,72,83,98
2025-10-17,60,59,61,04
2025-10-18,55,19,12,36
2025-10-19,04,57,49,91
2025-10-20,75,38,45,81
2025-10-21,88,70,92,52
2025-10-22,38,82,15,58
2025-10-23,68,11,06,67
2025-10-24,50,32,31,91
2025-10-25,96,44,72,67
2025-10-26,61,18,55,65
2025-10-27,33,81,36,50
2025-10-28,68,24,62,84
2025-10-29,37,71,18,50
2025-10-30,40,51,85,59
2025-11-01,,26,40,89
2025-11-02,37,08,75,69
2025-11-03,89,28,07,35
2025-11-04,29,74,79,20
2025-11-05,92,02,80,92
2025-11-06,68,60,73,06
2025-11-07,94,05,19,08
2025-11-08,85,17,53,79
2025-11-09,08,41,32,04
2025-11-10,67,54,64,02
2025-11-11,51,15,57,51
2025-11-12,37,44,05,37
2025-11-13,53,20,13,27
2025-11-14,55,90,45,60
2025-11-15,20,23,93,49
2025-11-16,51,66,46,68
2025-11-17,28,52,14,02
2025-11-18,41,68,85,61
2025-11-19,75,46,14,20
2025-11-20,60,41,24,03
2025-11-21,24,30,11,35
2025-11-22,83,31,37,30
2025-11-23,68,75,02,58
2025-11-24,34,78,49,79
2025-11-25,67,35,07,60
2025-11-26,22,15,17,23
2025-11-27,06,17,39,97
2025-11-28,57,98,01,06
2025-11-29,08,83,24,79
2025-11-30,60,,,
2025-12-01,,86,44,63
2025-12-02,71,19,76,82
2025-12-03,27,69,31,91
2025-12-04,72,35,92,98
2025-12-05,64,67,92,72
2025-12-06,78,92,81,12
2025-12-07,79,41,52,72
2025-12-08,96,38,99,25
2025-12-09,25,39,35,91
2025-12-10,41,33,90,07
2025-12-11,43,61,22,72
2025-12-12,31,97,96,11
2025-12-13,99,73,38,85
2025-12-14,38,58,66,66
2025-12-15,97,89,23,19
2025-12-16,49,21,43,64
2025-12-17,13,82,87,19
2025-12-18,81,81,06,07
2025-12-19,32,58,11,53
2025-12-20,73,61,49,49
2025-12-21,41,45,89,03
2025-12-22,61,12,80,65
2025-12-23,44,55,44,69
2025-12-24,34,63,89,22
2025-12-25,19,56,87,39
2025-12-26,92,96,54,08
2025-12-27,43,50,20,62
2025-12-28,29,75,53,55
2025-12-29,53,45,48,13
2025-12-30,78,94,09,57
2026-01-01,,42,58,66
2026-01-02,65,96,92,05
2026-01-03,63,81,99,91
2026-01-04,44,28,23,13
2026-01-05,88,36,40,05
2026-01-06,18,86,78,13
2026-01-07,61,28,11,44
2026-01-08,06,49,25,04
2026-01-09,95,66,21,28
2026-01-10,24,43,52,33
2026-01-11,05,51,78,73
2026-01-12,33,04,14,21
2026-01-13,51,07,58,88
2026-01-14,05,89,70,84
2026-01-15,56,55,02,79
2026-01-16,42,89,74,97
2026-01-17,54,46,34,37
2026-01-18,97,01,20,67
2026-01-19,65,24,31,87
2026-01-20,68,57,97,06
2026-01-21,02,48,50,46
2026-01-22,82,06,35,79
2026-01-23,07,17,02,71
2026-01-24,81,67,42,42
2026-01-25,36,55,82,31
2026-01-26,94,18,51,17
2026-01-27,10,72,47,78
2026-01-28,89,71,79,00
2026-01-29,51,33,34,65
2026-01-30,56,74,12,81
2026-02-01,,39,05,17
2026-02-02,93,90,04,99
2026-02-03,78,08,37,42
2026-02-04,94,40,95,84
2026-02-05,18,04,40,76
2026-02-06,20,35,92,35
2026-02-07,99,25,28,13
2026-02-08,31,10,71,84
2026-02-09,94,21,07,95
2026-02-10,53,30,00,83
2026-02-11,99,72,90,52
2026-02-12,83,14,57,47
2026-02-13,29,46,88,95
2026-02-14,28,84,35,59
2026-02-15,54,31,18,19
2026-02-16,07,59,95,00
2026-02-17,97,36,49,98
2026-02-18,33,01,88,81
2026-02-19,63,86,88,50
2026-02-20,81,29,34,78
2026-02-21,78,70,36,40
2026-02-22,95,89,52,54
2026-02-23,61,64,66,29
2026-02-24,27,12,84,44
2026-02-25,68,86,12,83
2026-02-26,57,99,75,18
2026-02-27,53,70,83,68
2026-02-28,27,,,
2026-03-01,,02,92,10
2026-03-02,68,91,30,10
2026-03-03,49,06,17,13
2026-03-04,19,66,90,65
2026-03-05,54,07,74,46
2026-03-06,36,36,45,02
2026-03-07,38,62,22,60
2026-03-08,45,29,51,78
2026-03-09,65,46,99,26
2026-03-10,49,79,64,74
2026-03-11,09,28,24,58
2026-03-12,25,90,09,18
2026-03-13,03,49,20,72
2026-03-14,95,82,74,75
2026-03-15,39,39,82,27
2026-03-16,28,68,17,12
2026-03-17,47,58,45,26
2026-03-18,82,90,76,76
2026-03-19,50,87,43,26
2026-03-20,12,74,85,23
2026-03-21,16,49,01,17
2026-03-22,70,40,70,28
2026-03-23,27,59,86,10
2026-03-24,66,28,82,75
2026-03-25,13,48,30,70
2026-03-26,92,43,68,34
2026-03-27,26,82,83,43
2026-03-28,40,35,26,05
2026-03-29,93,00,21,14
2026-03-30,23,84,39,20
2026-04-01,,35,97,12
2026-04-02,81,33,63,78
2026-04-03,41,99,62,00
2026-04-04,97,59,75,77
2026-04-05,71,29,59,17
2026-04-06,47,39,46,59
2026-04-07,44,07,01,26
2026-04-08,05,91,42,88
2026-04-09,67,47,47,97
2026-04-10,85,05,11,77
2026-04-11,85,04,24,53
2026-04-12,92,65,06,52
2026-04-13,82,33,39,14
2026-04-14,00,04,02,73
2026-04-15,49,64,82,19
2026-04-16,93,03,15,14
2026-04-17,99,44,40,47
2026-04-18,15,21,69,62
2026-04-19,93,60,46,79
2026-04-20,87,64,62,34
2026-04-21,41,04,25,08
2026-04-22,62,60,95,21
2026-04-23,44,68,33,51
2026-04-24,79,91,14,20
2026-04-25,11,59,38,76
2026-04-26,88,31,09,35
2026-04-27,15,65,19,54
2026-04-28,44,25,08,03
2026-04-29,56,13,85,11
2026-04-30,56,,,
2026-05-01,,63,54,15
2026-05-02,79,72,42,79
2026-05-03,00,84,74,93
2026-05-04,27,08,14,78
2026-05-05,06,12,87,15
2026-05-06,03,70,38,92
2026-05-07,84,69,33,47
2026-05-08,06,48,97,33
2026-05-09,19,86,64,44
2026-05-10,62,46,56,86
2026-05-11,10,22,83,43
2026-05-12,08,28,47,43
2026-05-13,46,01,58,08
2026-05-14,76,05,58,27
2026-05-15,74,09,35,17
2026-05-16,73,80,72,06
2026-05-17,76,69,85,54
2026-05-18,88,13,46,81
2026-05-19,39,49,86,83
2026-05-20,74,79,19,10
2026-05-21,96,53,60,17
2026-05-22,71,01,43,00
2026-05-23,16,77,23,18
2026-05-24,97,21,21,88
2026-05-25,73,54,72,86
2026-05-26,09,13,79,08
2026-05-27,83,45,17,45
2026-05-28,64,25,81,41
2026-05-29,53,76,06,65
2026-05-30,71,43,78,76
2026-06-01,,03,53,52
2026-06-02,11,51,50,29
2026-06-03,48,65,02,85
2026-06-04,47,04,16,78
2026-06-05,78,72,16,72
2026-06-06,10,32,55,66
2026-06-07,28,88,78,32
2026-06-08,62,39,66,70
2026-06-09,26,35,00,21
2026-06-10,65,85,31,33
2026-06-11,31,75,07,00
2026-06-12,52,79,59,20
2026-06-13,71,58,10,91
2026-06-14,40,23,,52
2026-07-01,,97,78,69
2026-07-02,24,69,33,11
2026-07-03,39,73,49,31
2026-07-04,91,34,39,72
2026-07-05,23,92,36,91
2026-07-06,06,19,50,54
2026-07-07,19,04,41,48
2026-07-08,53,41,21,71
2026-07-09,02,88,75,29
2026-07-10,26,74,35,42
2026-07-11,53,32,04,04
2026-07-12,26,91,77,15
2026-07-13,66,05,45,87
2026-07-14,73,93,52,75
2026-07-15,16,60,08,77
2026-07-16,28,15,90,05
2026-07-17,32,30,14,30
2026-07-18,85,07,80,51
2026-07-19,16,83,57,45
2026-07-20,83,47,54,32
2026-07-21,73,06,11,82
2026-07-22,05,34,40,09
2026-07-23,20,39,43,54
2026-07-24,69,76,72,73
2026-07-25,89,32,58,70
2026-07-26,65,22,39,84
2026-07-27,06,74,72,07
2026-07-28,75,27,02,67
2026-07-29,16,60,16,09
2026-07-30,67,40,86,52
2026-07-31,05,,,
2026-08-01,,57,92,23
2026-08-02,31,06,31,15
2026-08-03,74,95,59,60
2026-08-04,31,12,27,24
2026-08-05,93,57,85,22
2026-08-06,51,22,80,89
2026-08-07,83,26,35,60
2026-08-08,96,81,93,99
2026-08-09,16,63,97,53
2026-08-10,64,58,57,69
2026-08-11,88,58,92,31
2026-08-12,19,75,36,63
2026-08-13,79,54,61,79
2026-08-14,12,49,71,38
2026-08-15,49,58,71,40
2026-08-16,57,90,59,99
2026-08-17,40,46,15,20
2026-08-18,29,22,88,32
2026-08-19,40,59,56,58
2026-08-20,08,91,53,22
2026-08-21,18,34,34,50
2026-08-22,08,41,82,11
2026-08-23,41,88,83,99
2026-08-24,16,77,75,95
2026-08-25,36,71,89,53
2026-08-26,80,49,77,90
2026-08-27,99,61,63,93
2026-08-28,27,23,86,59
2026-08-29,31,62,45,64
2026-08-30,90,07,87,21
2026-09-01,,45,81,86
2026-09-02,69,19,96,85
2026-09-03,57,08,77,32
2026-09-04,95,02,26,95
2026-09-05,59,30,37,68
2026-09-06,78,88,94,69
2026-09-07,67,02,10,02
2026-09-08,92,71,64,93
2026-09-09,54,29,93,69
2026-09-10,93,15,40,72
2026-09-11,40,72,34,98
2026-09-12,46,65,35,16
2026-09-13,02,74,72,47
2026-09-14,35,30,87,50
2026-09-15,89,24,83,19
2026-09-16,31,21,91,42
2026-09-17,90,38,73,34
2026-09-18,49,36,50,03
2026-09-19,35,21,86,07
2026-09-20,32,84,66,24
